Record #,y1 ,y2,y3,y4,y5,y6,y7,y8,y9,y10
1,-0.518273574,-1.339123323,-0.405029007,-2.351849125,-0.785875608,-0.94092175,-2.611651211,1.113548413,-1.785111257,-2.552329792
2,1.348383427,-0.779068029,0.477325346,0.154970592,0.08997379,-0.472072532,-2.256829483,0.216698188,-1.500999822,-1.484620286
3,-1.672213849,0.994229996,-3.510346937,-1.816082259,2.495520259,-1.54423207,0.174622992,0.381026802,-3.984604155,-0.593175674
4,-1.291157345,-0.771051449,-1.036357919,-1.473863923,1.303716097,-1.380145259,1.304986465,-1.905068774,-1.435277975,3.197265391
5,-0.429744403,1.149757972,2.912959141,3.771780329,-0.848139351,-0.588427545,0.444268322,-1.141246043,3.257569,-1.133381799
6,0.239133793,-1.327794304,1.389955427,1.138051552,0.101813485,-2.591917301,4.713287168,0.74755932,1.23878037,5.899628614
7,-0.918408281,1.876753275,4.082389574,3.024108732,-2.492533224,0.710983303,-4.464099619,1.303496556,1.79280997,-4.710839059
8,-0.704422281,-1.267601562,-0.006948797,-0.890486994,-0.436906768,-2.453120094,0.844460485,0.063858176,-3.018941244,0.396320845
9,0.092100199,1.377801712,-2.121744915,-0.866370571,-1.14865735,0.692795372,-2.234808081,-0.543400963,-0.055713718,-0.588475899
10,2.770679601,0.17784918,-1.678789993,-3.716064851,0.374384166,-0.589825065,-2.052780693,-0.493746671,-2.609839991,-0.600933376
11,-1.305578842,0.554597785,0.932215259,1.229736819,1.306824578,-0.285066991,3.294394989,0.665090273,0.859167897,0.711824541
12,-0.177869732,-1.788275548,-1.97147923,-2.207493074,3.182869354,-0.572478569,2.408765518,-0.690246004,-1.249187548,2.82989876
13,0.052640117,-0.80423882,-4.105161742,-2.053384025,-0.383400803,1.053111955,0.521423343,-0.80516,-0.641798693,-2.182742238
14,-0.768768186,-1.145001151,0.456973564,0.80653882,0.006778103,0.979881372,3.865188891,-0.858528386,2.541059623,4.960328793
15,-2.642805545,1.529605145,0.921575917,2.428176609,-2.643395306,0.777914478,1.019471695,0.656678193,1.99436954,-0.386213968
16,-0.343459612,0.225621374,1.793716863,4.271701401,-2.875752195,-0.461082406,-0.223008733,-0.950643355,-0.409756426,-0.447549087
17,-1.145766678,0.316256139,-0.28333044,-0.267701039,0.493603101,-1.255642507,0.043918284,-1.390393739,0.490659564,2.451981378
18,0.539546603,1.662889604,0.725980443,0.248448175,-0.197808916,-1.368427147,-0.700264456,-0.114970713,-0.893520486,-2.282277774
19,-1.189484024,-0.208554042,-2.836477668,-1.186300873,1.9786579,-1.178813464,4.532019171,-0.695327944,-0.218563215,6.990957068
20,2.703799585,-1.106475357,-3.212791442,-3.610176012,1.203441104,1.478606649,-1.754014141,-1.159835019,-1.902060281,0.616207346
21,-0.613028534,0.111884737,-3.807125636,-0.192359524,-0.601379475,-0.656927637,-0.098410931,-1.000846058,-1.239659102,1.966042616
22,1.218632864,0.827555934,2.144599026,4.645494765,-2.285192329,-0.215170168,-0.526014422,2.088581998,1.458682946,-1.798953471
23,-0.225020624,-1.748133101,-1.134922878,-1.763034462,-2.282344649,-0.092446694,0.929868965,-0.924908856,-2.665629228,-0.244897116
24,1.00776391,1.442556336,-0.388778703,-0.348433215,-4.258463067,0.786297488,-3.983817543,1.390144045,-0.248162652,-4.29944045
25,0.284457147,-0.646950492,-2.042760803,-1.254701956,-0.191641245,-0.344715522,-3.31926023,1.924670423,-0.141129602,-2.980831189
26,2.918608708,-0.815361018,-0.139860681,-2.075869832,-0.504718754,0.882934529,-4.354933807,1.704931029,-1.903151916,-6.774444166
27,-0.628932935,-2.53769933,-3.495730215,-2.86206398,2.007489706,0.241388451,-1.503639407,-0.640680105,-4.22471058,1.958901315
28,-1.398210167,0.71825211,-0.027579928,-0.019618653,2.76858393,-1.549273606,2.22837966,-0.815764045,-0.966345223,2.588526988
29,-0.611551074,-0.433140394,0.442535914,2.390233835,-1.456281737,-0.196279948,-0.051420629,0.682744909,1.136387708,-0.894242085
30,-1.454601602,0.4633015,-0.496314062,-0.49119947,-0.428304961,-0.416102429,2.037694457,0.066805119,-1.7278995,1.552365837
31,-0.236838246,0.100714779,3.853391072,4.294297588,0.691377949,-1.246392766,0.016823716,0.256345124,3.89850323,-0.002385474
32,1.118820554,-0.673588139,0.757347768,-2.574416241,-0.938190765,2.909462276,0.173617322,-0.04730424,0.091413669,-0.465858192
33,0.941635038,-0.756674673,-1.601387872,-3.700381216,-0.017491794,-1.074808163,2.286238528,-0.837785163,-3.844093159,0.017114476
34,-0.377322473,-2.481393044,-1.617774679,-0.619141325,1.018953363,1.533874468,1.763001288,-0.405089018,0.430289116,1.12490166
35,0.330238307,-0.621504232,0.497511061,1.064657647,-1.439914916,0.47570008,-5.496976317,0.842318624,-0.786264198,-5.422415284
36,-2.696325017,2.62645531,2.7958527,3.346402593,-0.569844281,-0.66587539,0.373362,-0.45798663,0.427080725,2.42404331
37,-0.580071828,0.583409551,-1.52202238,-0.618031255,0.326366726,-1.164043266,-1.107532634,0.769002701,-1.891730645,-2.563633481
38,-0.332072783,0.279933672,1.772262599,-0.23445712,-0.854993454,0.320206643,0.850854422,-0.628101805,1.015611613,1.571651897
39,1.450953811,0.832647869,-0.40885345,0.671929868,-0.499064051,0.871333644,-1.807165654,0.979010509,-0.309038447,-2.95138502
40,0.402217056,-1.820735155,1.185603406,1.77400497,-0.197202437,-0.859262141,4.739604349,-2.768252542,1.817285144,4.238567428
41,0.99231665,0.323365842,1.667686639,2.657684233,-1.597609853,1.649327309,-1.689857102,1.765923636,1.121350937,-2.003485616
42,-0.500060963,0.193934783,-0.95594596,-1.747407965,-0.964515454,-0.941514369,-0.214088339,0.641102217,-0.277106512,-3.909914794
43,-0.017297152,-0.022282957,-0.466954603,1.274060584,-1.444855616,-1.452275408,3.229348376,1.458645003,0.574290747,-0.463577847
44,-0.177753314,0.59335042,1.223412018,1.932776576,2.374596084,-0.493811246,-0.699798487,0.344986259,2.971909262,1.568751466
45,-0.437112622,-0.055814805,2.544080623,0.859479099,-1.019515554,-0.265583168,1.42862483,-0.052036164,-0.833174891,-1.044901763
46,0.298251477,1.483297329,-0.448409773,0.686167595,0.639793781,1.231609673,0.559759138,-0.845470149,0.129590683,2.340775207
47,-0.527336478,1.108312778,2.05868906,1.818849731,0.915708415,-0.892433994,0.767145121,-0.709571274,1.378292443,2.178267505
48,2.10510674,-0.559297359,-2.501090006,-1.751606142,0.587641422,0.444157611,0.543935507,-0.935684955,-1.039495345,-1.998756919
49,1.276499004,-1.633343911,-0.913850536,-2.761476001,0.392861666,-0.813566589,0.587597351,0.034924956,-1.020418723,0.169205607
50,-1.493060624,-2.142454142,0.330293734,0.826617642,1.752514428,-2.638588441,5.488420423,-0.916681528,2.639455213,6.318512075
51,0.537624722,-0.163357673,-2.68565571,-2.674057147,0.511401712,-1.012511931,-3.826013378,1.010475243,-1.582692964,-3.538300432
52,-0.126158644,1.362586824,-0.230513225,3.25805167,-2.15875309,0.814558161,-2.810939171,-0.217835525,1.047530624,-3.556851024
53,0.154724851,0.426036821,0.524266663,0.230666228,-0.234282909,2.049121843,-3.210245539,0.529126226,1.597558984,-3.321720555
54,0.863331492,1.445485507,-1.826681794,-1.834877746,0.010565372,0.972550445,-2.477085945,0.138640484,-0.449894099,-1.884026337
55,-0.630164287,1.366708198,3.687223432,2.876736617,-1.46770366,-1.156625707,0.285670982,-0.443097656,-0.512071234,-0.779350388
56,-0.89534469,-0.994060427,1.275281085,1.499405728,0.576128388,0.163313277,0.157852554,0.176947195,0.410566409,-0.205354247
57,-1.307691412,-0.054922582,-1.655839496,-4.356123589,-1.824572751,0.817883255,-1.714544017,0.082719808,-2.217697713,1.118471107
58,-1.079740157,1.333060456,-1.113029002,-0.033304033,1.513394975,-0.56884505,3.210773744,-0.017828477,-0.615318577,3.059361084
59,1.066582229,0.109985356,-0.654440455,0.258565613,-0.215224517,0.708666105,-1.016201512,-1.604870187,-1.282328577,0.678068334
60,0.938144756,1.746465903,-0.557166572,0.103488605,1.391076819,1.024242042,0.439849954,1.143282711,0.083787452,0.146121209
61,-1.272435756,-0.712475288,3.773781489,4.055968453,0.888412322,-0.383667025,4.049104549,0.389837543,3.129308992,5.499199888
62,1.074364573,-1.267066122,-1.957352207,-3.148722252,2.211189853,-1.119670636,1.278994175,0.235192147,-2.467480833,0.782319848
63,2.111027391,-0.056239257,-1.753504711,-2.52033985,-0.180564508,1.671007119,-6.451391324,-1.686000053,-0.182902993,-5.3559873
64,-0.379996388,0.002802502,-2.153284439,-3.511141789,0.188473969,-0.274677204,-3.965309905,0.915245526,-1.377411919,-4.777925136
65,1.169468055,-1.309465488,-0.316697619,-2.62993958,0.456211016,-0.427655588,-1.242226137,-0.052798046,-0.978008667,-1.813755079
66,-2.764601396,3.974569436,2.528161084,1.187222653,-0.108486821,0.450838777,2.318004358,-0.884345034,2.08691089,0.593297474
67,1.793034019,1.155401135,-0.232350305,-0.258155237,0.176707343,0.842332774,-3.508989058,0.942419995,-1.561628364,-2.765425161
68,1.474803339,-0.778168127,-1.433125294,-1.893516503,-0.114780836,0.159362401,-0.03464571,1.042096742,0.985171129,0.325544372
69,0.390355395,1.159647087,2.619033838,3.802819751,-0.150399235,1.484057624,-2.071535646,-0.158992202,2.859957506,-1.404418625
70,-1.763000777,0.896550058,-1.820174531,-2.54166779,1.178790019,0.026818959,-1.971960233,0.010508048,-4.072059547,0.881155574
71,-0.257521247,-0.181696515,0.027022337,0.87030293,0.510991272,-0.200861511,1.191096334,-0.06623399,-1.45451823,1.721705967
72,-0.466493373,0.57457557,2.40730356,-0.571480129,-1.055469207,-1.338462691,-0.380041234,0.129949768,-0.719378292,0.683285737
73,-0.763831629,0.516492864,2.194759736,3.376279219,-2.786338361,0.506477034,0.168170609,1.757485035,0.771615877,-0.802760938
74,-1.03536192,1.112372359,0.799491729,3.847423567,-1.132810106,2.13192187,1.714858939,0.03364931,3.589212734,-2.020710268
75,-0.008328336,-0.04069784,1.76079681,-0.945537013,0.911028848,-0.052901182,-3.11816675,0.756627932,-2.247704048,-5.38750615
76,1.364277984,-0.885933274,0.254505135,0.152532037,-0.752811324,0.712968468,0.338272194,0.697433558,0.038447647,1.156933254
77,-2.302437434,0.322731417,1.500682498,2.316966712,1.230397734,-0.92759999,3.258383611,-0.67419176,2.839155934,3.829202318
78,0.383380147,0.956367927,1.807232316,-1.022086389,-2.324676455,2.90560167,-3.588160409,-0.13509778,-0.982540493,-3.575211796
79,-1.533662354,-2.030242881,-0.443450817,-2.303961975,1.54874254,1.057748841,-2.635412086,1.574188733,-0.368493472,-1.320369254
80,1.449280111,-1.193242689,-1.348974924,-3.467875444,-0.125569518,0.357969131,-3.243645139,0.062580649,-2.745721825,-2.56512389
81,1.431190866,1.92010492,1.366799617,0.902287661,-0.130883869,1.676635271,-0.383535596,-1.055587358,0.059968683,-1.874877338
82,-1.735322363,-1.85852676,1.194122366,1.688204335,1.137481453,-0.346606327,3.859354896,-1.432624378,0.945016084,2.993866575
83,0.023916848,-0.806838378,-1.458112829,-2.492154654,-0.622930187,-0.961597961,-1.859383136,0.945693098,-1.218399973,-4.149012027
84,1.102262101,-0.971428379,1.460774806,2.136231864,-1.530936683,1.896786545,-2.570417135,1.154961609,-1.297892333,-5.295187113
85,-0.419768631,-2.006073268,-1.624531328,-4.464491391,2.221764874,-1.47674644,-0.284582838,-1.596851457,-4.741751901,0.627958911
86,0.178779204,-0.373480023,3.407324383,6.390346528,-3.645766546,-0.751610852,2.22599629,-0.625609028,3.568803434,0.250973218
87,0.521864433,-0.683954393,0.294396311,0.129941829,1.191763657,-0.135992978,-1.288567856,0.048898355,-0.941133906,-0.140046745
88,0.17747036,-1.135188912,-0.995774902,-0.634754059,2.813963152,-0.16742928,0.680398338,0.283826985,-0.410812824,0.165483767
89,-1.02578248,0.221281741,0.079302499,-1.142611321,0.945891142,-0.452689169,3.102603143,-0.494766993,0.337756774,3.536331317
90,0.378855463,-1.060654554,-3.106147381,-5.304364174,0.45039355,-0.31422279,1.028655291,-0.732391585,0.06601011,1.75907697
91,-0.367813277,0.089407204,1.130119625,4.31300294,0.072390279,-0.115849794,-0.996522747,0.756111883,2.443260398,1.276251192
92,-0.923812041,0.437976223,2.069686277,4.276828434,-0.114014357,-0.191354278,2.432596993,-0.739238529,4.092434636,4.078829139
93,0.661009983,0.055210429,-0.544873827,-0.519051239,0.944414013,0.25503962,-0.016314094,-0.378722909,-1.122074006,1.469756382
94,-0.319810976,0.16913844,-0.331285047,-0.872035868,2.164180487,-2.028427564,1.68980977,-1.709680791,1.244360799,3.293847157
95,1.210090511,1.434772734,2.422239357,1.707645779,-1.677440214,0.493477645,-3.593493041,2.045598998,1.251241991,-4.411859421
96,3.013530948,3.148317933,-0.058804085,0.004348473,-0.974922803,0.040398457,-0.376618658,0.078053718,-0.124257304,-1.155296535
97,-1.668320575,0.667197908,0.011031567,-2.604875385,0.386477075,-0.952642244,2.719342619,-2.785131532,0.926686961,1.87800958
98,0.03645828,-0.467892642,1.012324573,0.197906105,1.806541337,-1.734974516,0.448108728,1.191568272,-0.581346746,0.943411916
99,-0.451173663,0.263933241,-0.208222609,1.193047241,-0.621898205,-0.22035198,-1.348859958,1.556137071,0.038087314,-2.192577208
100,1.737400102,-0.761381512,-2.072457106,-3.436470006,0.192141193,-0.32591534,-0.479929042,0.30245357,-1.547633349,-1.235369981
101,-1.013859382,-0.973141636,-0.812876198,0.295708618,0.452299334,1.343215633,-0.850434264,0.000113101,-0.340554044,-0.34118655
102,2.333513901,-0.138447953,-1.183650996,-2.27906981,1.435957752,-0.64669302,-1.98939155,-0.108677155,-2.958712584,-1.066565623
103,0.57879749,-1.19753344,-1.423398287,-0.39028304,0.82861187,2.048571072,-2.23861042,1.253822078,0.76082188,-4.057165174
104,-2.041944556,1.249078252,3.117654587,4.990988202,-1.751778521,-0.621956002,2.564008173,0.068692573,5.887852849,2.823621091
105,2.364041352,0.018232038,-1.60821755,-3.367884937,2.700661899,-0.896965702,-0.093169762,-0.777297512,-2.738994617,-1.453056766
106,-1.492248951,1.67167397,-0.357188217,-0.356643982,0.063833338,-0.82563842,1.780522086,0.264915377,2.542560667,3.356248485
107,-0.029143007,-2.145534932,-1.516099576,-1.725878585,1.552356118,-0.41927155,0.403635031,0.884416743,-1.23303072,-0.704422483
108,0.067370307,0.085487987,0.182455415,-0.654037113,-0.393824815,1.365442058,-3.912696689,1.496110664,-0.04600173,-1.998592535
109,1.329868156,-0.902252178,0.326745982,0.216243459,-2.335112225,-0.464050317,-5.243324883,1.450754836,-0.895568686,-6.455925979
110,-0.509397812,1.060386874,0.528322422,3.160361571,-0.584882742,0.394742358,0.656590391,-0.20647923,0.52493477,2.436335113
111,-0.631618169,0.304122639,0.350586294,1.230611517,0.003769523,0.018912228,-2.765459499,-0.741747915,-0.23911546,-0.665069542
112,0.869363709,-0.331911659,-0.77738733,-0.364197892,1.698605354,0.979591429,-0.232161572,-0.045563293,-0.623977113,0.656228521
113,1.783644485,1.483175804,3.920298343,3.448296877,-3.266320485,0.026387143,-1.065551199,1.572360224,2.307264114,-6.231671664
114,-0.773892417,0.282875556,0.336726916,0.985967145,-0.29135153,-0.184071184,4.668796091,-1.85778131,1.58781046,3.222632577
115,0.420232723,-0.646506613,-1.375049765,-0.586356227,-0.357729987,-0.716607643,-1.072578614,-0.451241773,-1.714007753,-3.214534539
116,-2.463333195,0.526068652,2.652381634,3.913269526,-0.305286732,-0.099444855,0.975773879,1.592899082,3.212270513,-0.593821128
117,-2.453570605,0.779412487,-0.840397836,2.648109771,-0.134138896,-0.921053609,2.966399874,-1.519513227,2.586477894,3.259958013
118,-1.444539065,-0.99284164,1.38432401,2.932772402,-0.65414895,1.286961844,2.879985868,-0.660374958,0.810577767,1.574572601
119,-0.736561038,-1.524083469,-0.485692625,-1.843115759,0.616432149,0.665388112,-1.302588755,1.05821815,-2.815610211,-2.220548398
120,1.091238153,2.27984174,0.613387769,1.571527727,0.290548496,1.506507118,-1.146972461,0.855120349,0.918992031,-2.923976364
121,-1.687352482,1.550875494,3.70551636,2.348537121,-0.688141792,0.709313936,-2.331188577,1.052939713,0.802602144,-0.78167315
122,-0.507220474,1.15267268,-1.752623008,-3.04044639,2.360531115,0.25539369,3.658583563,0.351364026,0.123734743,3.09089238
123,-0.006295068,-0.877163992,0.033919509,-0.702961285,-0.671700182,-1.008490718,-0.744580724,-0.428436525,-0.968719469,-1.268890469
124,1.448120922,-0.467935426,-1.015952782,1.514209695,0.799506895,0.051677788,0.335979877,1.530472547,0.845583088,0.379597692
125,1.039278111,0.682300486,0.534631966,0.031212626,-0.982427717,1.358655614,-3.487281514,2.642083115,-1.998223972,-3.564439318
126,-1.104898176,0.43281205,2.637852002,0.913896717,-0.669377059,0.781421401,1.33578479,-1.540134017,3.027043747,0.871691987
127,0.261731479,1.278155967,1.61045696,0.519622306,-1.142507658,-0.433653423,0.131974212,-0.868784392,-0.141467118,-1.190569785
128,1.226877832,-1.265914293,-1.043765508,-3.29469984,2.542644777,-0.688851168,-0.396044262,-0.455864858,-1.068819793,-1.99843235
129,0.530880652,1.113132449,-0.791252738,-0.727555163,0.559594774,-1.035517969,-0.225602154,-1.133663297,-2.618893847,1.804114703
130,0.552359099,-0.090960007,-1.525147706,-1.484760719,-1.656504487,0.016031955,-3.773430525,-0.102218035,-1.845519054,-3.028214504
131,0.546317688,0.551612968,0.334406932,-0.37543592,-0.933852277,-0.527503153,-0.569381488,-0.014667067,0.599360452,0.453379613
132,-1.548943384,2.2021181,2.087112053,3.335276151,-0.334746709,-0.058359881,1.764589052,-0.270282105,2.974975513,2.341819679
133,0.335045663,1.316958831,1.389924359,2.160549446,-0.199813898,0.466372801,0.849723239,-0.386561228,2.095224819,1.149061778
134,-1.470945654,-0.741723417,0.583904539,2.070280397,2.219653619,-1.922783114,4.927507707,-0.216911959,1.622117717,4.920261562
135,1.490163008,-0.546959942,1.44304347,2.369731495,-0.522226804,0.471844988,0.999104735,-0.936235738,0.097256111,0.494336692
136,0.466496158,-0.420613901,-0.196187478,0.762807174,-0.853123731,0.655433099,-0.281701414,-0.395499131,2.468687369,-0.41306858
137,0.193247605,2.916523444,1.88596313,2.50288978,-2.927923689,-0.48687933,1.513620195,0.122267158,1.622124971,1.841717583
138,0.530730833,-1.069049283,0.715543241,0.609886453,-1.158743751,0.480982465,0.34484247,1.867355576,0.36689722,0.417335175
139,1.936615913,0.175812287,-1.342065768,-1.001133752,-0.098321325,-1.00186315,-2.164532946,-0.603516592,-0.676571783,-3.090669911
140,0.275848138,-0.401136446,4.180234574,0.18700983,-0.436765429,0.26151776,-3.159476811,0.160555721,1.304827957,-5.158830471
141,-0.376555972,-0.443698363,1.850206031,-1.09780997,0.476478793,-1.623441867,-1.389739766,0.416666809,1.198445045,-1.262637295
142,-0.093331376,0.334226375,-1.758764923,0.6561763,-0.594595532,0.229416458,2.295452115,-0.288296736,0.985514875,1.725274612
143,-2.896983567,0.625428836,1.564666177,-0.208354636,1.949396518,-1.064816309,3.774451182,0.348917931,0.17907162,3.237466674
144,-0.011333459,-0.018861085,0.152252532,0.86950365,1.080121142,0.056837124,-1.287336658,1.091158739,-0.262295331,-0.960286692
145,-0.578299109,1.300120403,0.465944017,1.396300593,-1.105839606,-0.489433797,-0.579124008,-0.799341818,1.731251694,2.263683867
146,0.242259295,-0.937568028,0.298065854,-1.061687124,0.481150582,0.89155578,-2.1881913,0.216574304,-0.534339337,-1.670189158
147,1.578301885,-0.90963097,-1.119277903,-1.92233926,-0.715608989,-0.432339538,0.272286078,1.04670857,-2.509396595,0.184558627
148,-0.489352786,-0.902354056,-2.2787778,-1.19536771,1.702677965,1.757154876,1.157596047,1.324371428,-2.276294727,0.837024331
149,0.908081065,0.543235042,-1.150064595,-3.521859297,0.501541801,0.257352957,-0.039875878,3.449659416,-1.681214496,-1.365910272
150,-2.627879259,-1.668648789,-0.652918608,0.116105368,1.231421747,-0.939803611,2.530607684,0.600064501,2.352699083,6.19598715
151,0.120334098,0.972918262,0.230073776,1.42959268,0.067368,-0.404945447,-2.891394209,0.791314856,0.809719395,-1.77332729
152,0.770929129,0.78162713,-0.006605654,-0.119980939,1.078003551,-0.739450125,1.781539652,-0.324392946,-1.300456646,3.202854948
153,0.885751891,-0.763178067,-0.187610219,0.100076287,0.956038557,0.232010614,0.921731981,-0.071084343,-1.680988233,-0.429507938
154,-0.298757558,-2.159116723,0.818397973,-0.954776049,1.36576527,1.490078008,-1.284024313,0.929929627,0.678033806,-0.996793012
155,-1.920793999,1.17272581,1.503315127,0.668603162,-0.583385355,0.023755211,-2.148213973,0.724116403,2.188636466,-0.694852317
156,1.748906196,1.500193868,0.368100451,-2.338913649,1.130675072,-0.52595984,-1.986730107,1.493075524,-1.886538642,0.942009271
157,0.131608006,0.606363088,2.089146948,2.617379125,-0.274234451,-0.646576751,0.787109806,0.393675118,2.263462924,0.983205651
158,0.920350778,-0.113968237,1.456988352,1.477010319,-1.046140688,0.355821861,-3.159753708,0.425746014,0.59525193,-2.928399853
159,1.384492667,-1.061068377,-0.033229759,-0.744562164,-0.394901775,-1.237752726,0.758772956,0.452227061,0.347180467,-1.441574428
160,-0.713941233,-2.767196463,-1.970591031,-4.341668343,-0.781597444,0.23766842,-1.546711322,-0.82986577,-2.586331689,0.102645775
161,0.743575582,0.920606098,0.366427836,0.363339623,1.853997821,-0.316679047,1.726945252,-1.482066558,1.393826542,2.612552639
162,-0.210631583,1.413850344,-1.296297561,1.328937035,0.015854649,-0.745672809,2.531930288,0.207320765,1.88243186,2.30809178
163,-1.80673391,-0.555524316,2.629579158,2.359549085,1.460477693,-0.381379629,2.537317048,-1.656176917,2.452042618,2.060044874
164,0.04621529,-0.813989984,-2.614689186,-3.928833617,0.321293366,-0.694919104,-2.045196254,1.377219928,-1.653099612,-2.492898552
165,-0.681950806,1.335500674,0.251457737,-0.285475182,0.598447738,-0.85080559,-0.561328567,-0.048056679,-0.364830372,-1.660452794
166,-1.507707153,-0.531006873,3.833251674,3.515292652,-2.144581651,0.904573105,5.33950898,-0.386827334,4.580303561,6.610127767
167,-0.453714804,1.707489712,-0.812725619,0.933226673,-0.194475198,-1.34134126,-2.070258045,2.133880998,1.011756298,-1.239323253
168,0.321480705,0.808380684,2.441891299,0.372790846,-2.102126481,-0.479431798,0.446821609,-0.582191583,1.415195513,-0.938414251
169,-0.754546894,-1.812616767,0.420590838,0.686895105,-1.153335316,-1.599111248,-1.543428775,2.683214925,-1.102689971,-0.258469089
170,1.107758146,-0.096716205,0.777199221,0.099316576,-0.225639191,1.325995664,0.315405867,-0.02625921,-0.337561116,-0.836752074
171,0.949761067,-1.38812377,-2.625388381,-2.779272096,1.748354994,0.184406778,-0.838063159,-0.513619196,-1.910347754,0.35421
172,1.332840782,0.375772571,0.626895097,-0.406834683,-0.140691047,-0.990424867,-0.120497791,0.112796674,1.00897117,-1.028750692
173,1.861944086,-1.284022628,0.652659121,-0.804946732,-0.490171553,0.188949403,-0.702352467,0.533315277,1.890756126,-1.705800444
174,0.253474316,0.548885995,-4.488485051,-3.398142086,2.663995873,0.17173548,-0.053347501,-1.482626224,-4.791699211,-1.047383863
175,0.99996182,-2.22031212,-0.444851036,0.478538277,0.053323743,0.501664846,-1.889198729,-0.586586542,-0.133205709,-1.218760391
176,1.741156539,0.06905464,-0.668248619,1.320179821,-2.161351873,1.000838956,-1.603045671,1.30960821,0.035876636,0.737244715
177,-0.630699616,0.893373213,1.754792563,1.455541275,-0.20813748,0.661386443,1.136593225,0.258505147,1.717995473,2.956431101
178,0.405357398,-2.267840281,-3.75983517,-2.125189676,2.291125099,-1.499074161,0.408396497,-1.524420379,-2.042418318,1.335661721
179,2.128934384,-1.953752786,0.238573165,-1.278368269,0.452148423,0.201015138,-0.179867818,-1.873637121,-0.098562815,1.879593139
180,-1.80725767,-1.02322888,-2.131726904,-0.612311745,0.424173938,-0.610434607,3.155564153,-1.736365486,0.768856563,4.902791378
181,0.412994625,0.196873155,2.696369149,2.334664682,-0.301395164,-0.503699192,-0.193100767,1.18122618,1.737186184,1.611261242
182,0.215028095,0.237416406,-1.064588121,-4.302037726,1.281243053,1.290882814,-2.667558344,1.833156407,-2.818237662,-4.35372984
183,-0.796587754,0.09509744,1.675783033,-1.100102928,-0.351242025,-0.659552943,2.168788575,-0.951286989,-1.054516209,1.980124744
184,-0.33618229,1.516284631,0.264939089,-0.804389098,-0.315849152,0.054885046,-1.231752147,0.448065462,-0.824480135,-0.452621843
185,-2.163539731,1.020528166,0.29218387,3.215652804,-0.68645709,0.426720855,1.839708855,-0.672209231,2.957038743,1.548636863
186,-0.49307291,0.380109544,3.609452944,3.392202731,-0.831560656,0.136787716,-3.467648203,0.241491812,2.505061773,-2.717261897
187,-1.232240647,-0.460825884,-1.522951449,-0.374892713,0.809647842,-1.94960184,-0.7270986,-0.199292666,-0.21261652,2.256460598
188,1.372873009,-1.982765128,-6.366746782,-4.671813595,2.322978264,-0.121411707,-1.024192143,-0.599676733,-2.273842218,-0.888348757
189,1.039266364,0.495899452,3.454246446,2.316022929,0.437287846,1.256456694,3.464470785,-1.021730015,-0.081755049,0.748978484
190,1.215183179,0.985149444,-1.09478604,-0.411184207,-0.162816247,-0.006303109,-1.076709514,0.872138768,0.400705278,-1.247681771
191,0.558435362,-2.965535429,-1.213832575,-1.956806267,2.53640071,0.228195844,1.965304415,0.561324406,0.671121951,2.836318007
192,0.976883783,1.016755917,0.409889954,1.406917054,-1.305285894,0.422245188,1.093308297,1.52522087,2.112790052,0.795963511
193,-1.235977078,-0.509391057,-2.420535576,-1.759000157,1.019781193,-0.338050343,1.987296791,1.462701252,-1.591979913,0.541845861
194,-0.262884988,-0.254602147,-0.796594249,1.502806213,-1.450352897,-0.706742401,-0.01767676,-0.197049392,-0.458987509,0.328125065
195,0.220913492,1.36473579,1.629012261,1.009665547,0.595427916,0.393132674,1.096560436,0.501535967,1.528980346,-2.916491838
196,0.732498913,-0.328025004,-0.852738244,-2.179968461,-1.870113815,-0.617348506,-2.264550375,0.390406462,-0.196613044,-5.331779415
197,-0.148727363,0.890820918,-1.591164768,-0.149934801,-0.009888615,0.038956046,3.99003437,-0.187828927,1.523139105,1.543821276
198,0.94426105,0.391972322,0.855225128,-2.36040173,1.346810889,0.304857015,0.472540413,-0.198368282,0.613697235,-0.949193278
199,-2.523073911,-0.774017852,-1.561745451,-3.212141268,0.058826381,-0.13448059,1.794546082,-0.56345554,-0.565868122,2.106397679
200,-0.656343059,0.189334632,0.8813937,3.451994761,0.311506435,0.45000214,2.501151905,-1.182409193,2.506842592,2.013919191
201,-0.103254406,1.564178105,-3.700141444,-1.953313808,3.133733136,-1.988714663,1.914721754,-1.867641787,-1.434489258,1.854073518
202,0.058166876,1.143898883,-0.165664943,2.090146979,-1.244785206,0.721209954,0.153891138,-0.500510886,3.365918638,1.008413829
203,-0.921494879,0.885917673,-0.587270513,2.10705612,0.071093907,-0.745552002,4.403204058,-1.639758151,-0.91700086,3.687483575
204,1.807213442,-0.364413838,-2.279507202,-2.951263393,-0.806368661,1.810117473,-0.555786395,0.902732485,-3.130374249,0.752911589
205,2.378096978,-0.512646218,-1.488554746,-1.670877048,0.126860696,-0.157308437,-1.655341852,0.934601954,-1.846238266,-1.810212783
206,0.249718958,0.247139413,4.443520777,1.914756428,-3.044123371,-0.685699322,-0.995955367,-0.388949469,2.954183149,1.618520041
207,-0.295850168,-1.478699422,-0.156830612,-0.196958107,0.993370235,-0.533316948,0.765850381,-1.050896678,0.342007168,-0.885880823
208,2.139592374,1.459416442,-0.917041332,-0.174971964,0.653234315,0.428114141,-2.164055599,-0.583578206,-1.298299527,-1.388743976
209,-1.635642726,1.920279319,-0.045248815,1.97894511,0.348837308,-0.218193409,1.719223011,-1.570771517,0.441294478,0.912963555
210,0.177469281,0.004708757,-2.666241549,0.526614642,0.558717315,-0.695121958,2.566667786,-0.99138444,-1.133616081,3.098772638
211,0.656985218,-1.089848119,-1.222526122,-1.1402928,2.380527343,1.016851905,-0.460448875,-0.66728275,-2.677533471,-1.135943913
212,0.397681349,-2.606037998,-1.523924111,-2.599007476,0.39132539,0.310077677,0.482483092,-0.892347757,0.192284031,0.569836646
213,-0.209075584,0.402650743,1.451009131,5.231722027,-3.065460917,2.430179851,-2.005709864,1.657160945,0.338263393,-3.298582687
214,0.239429243,-0.729149025,1.779058407,2.869941167,-0.51711904,1.026476819,-0.25770626,0.664178935,2.062845994,-2.91494652
215,1.08140181,-2.264921562,-3.468749099,-3.322708761,4.635315456,0.116812082,0.631525681,-2.094642656,-3.641702012,3.345360796
216,0.329127666,-0.172479742,-1.744073952,-1.091452133,-0.042720253,1.268382985,-1.890188247,-0.740904942,-1.328532991,-1.462528509
217,-0.999926144,0.027156527,0.308723765,1.326303658,-1.764621993,-0.765567943,-3.277222779,0.390297579,0.662173285,-3.887781126
218,-0.985076136,-0.317685603,1.446602072,3.155337835,0.548078864,-1.594431903,3.408785719,-0.138965875,1.778618529,2.801709375
219,0.315287897,-0.284256027,-1.933825031,-1.518790802,1.059444898,-0.359815656,-3.181337849,1.065666084,-1.882720482,-3.41709019
220,0.375717335,-1.666024384,-4.332488446,-5.444611913,2.108716552,0.177926384,-0.776864929,-1.670534517,-2.826696653,-1.458159711
221,0.909121252,-1.448723811,3.225536061,2.825971476,-1.977659072,0.187869011,-0.396742588,1.367138887,1.695877211,-3.908545561
222,0.999423863,0.599933547,-2.06333093,0.393939287,0.037474824,-0.045531028,-2.168248422,-1.24338882,0.118710775,-2.499350896
223,0.071694717,-0.305299838,-0.775557122,-0.889567045,1.368319195,1.455079431,1.524891478,0.566631284,-0.553769915,-0.032431193
224,-1.193583754,1.568072685,-0.7284237,-0.527236508,0.091585375,-0.945684427,3.236059808,-0.524791601,1.397208228,2.469977773
225,-0.570334203,1.327623602,-0.463700863,-0.578203817,-0.759142847,-0.881641839,-0.65404653,0.211734752,-1.210828894,0.502552547
226,0.152268905,-0.845321793,0.492403249,-1.143696408,1.042740536,2.746410879,-0.372558623,-0.569365047,-0.654646664,0.690324659
227,-2.665605199,0.840640032,1.458834304,0.48145445,1.09037286,-0.169747759,0.523943575,0.664890526,1.85934906,2.058866903
228,-1.343500401,0.95346804,0.4285674,2.095619072,0.085982485,0.911318001,-0.689325872,1.356600684,4.03459261,0.447763135
229,0.772932981,0.831372172,-0.609285599,-0.362248156,1.280235736,0.653732178,-1.581633653,0.603136973,-0.34139532,-1.625851589
230,1.324721381,-0.998119716,-0.076927751,1.170114797,-2.232884097,1.885978303,0.150505781,2.048028796,0.385361439,-2.106728216
231,2.14869385,-0.736332235,0.128760965,-1.593932041,-2.270917251,-0.461265631,-0.291595765,1.001536203,0.531757706,-3.406489215
232,0.586434507,-1.046695448,0.656867154,2.903227184,1.290954065,2.159102539,0.573761365,0.60715369,1.744433431,4.215817117
233,-1.09599979,0.11695518,1.760957357,0.479566823,0.611625624,-1.735265384,2.362214551,-0.773342941,1.47354686,3.944433839
234,1.707927235,-0.250893623,-0.362090927,1.212194197,-0.815850169,-0.319804939,-3.658961961,0.408284851,-1.996558433,-3.973134565
235,0.438891362,-2.730948904,-2.149087656,-3.231342937,-0.62398275,0.160281486,-1.011026344,-1.672872957,-2.860142949,1.471188205
236,0.256128948,0.458361842,0.133909156,-0.114171738,-0.546417378,2.072732542,-1.285978571,0.964006292,-0.728690812,-1.566186304
237,-1.57917638,4.147101235,3.054186033,1.873515879,-2.230608852,-0.754285129,1.600342288,1.414226324,0.054238031,0.719239806
238,-0.289105779,1.295844074,-0.121916834,-2.529542852,-0.208213509,0.852630504,0.750927059,0.710249401,-0.425497136,0.333890309
239,3.96484185,0.979664283,-0.621705228,-2.13318008,0.273299416,-0.343580726,-2.89397875,0.357805009,-2.289544064,-5.500179082
240,1.188200276,1.093019723,-1.483470106,-1.368886182,-1.531223305,-0.795176533,0.082194172,-0.087356652,-0.494222674,-2.748014647
241,-1.418025383,-0.668352364,-0.188137772,-1.109021806,-0.762820423,-1.034197064,0.688245334,-0.3275436,0.495496578,1.191586621
242,0.12422176,0.179801074,-0.21127523,-2.166438661,-0.599375459,0.636733063,0.034564338,1.038642821,-1.695051094,-0.221009637
243,1.392640495,0.56802121,0.397283942,1.28955357,0.974696887,1.449282656,0.116047882,-0.574862223,-0.719071655,0.494535736
244,0.66459637,-0.656292327,-1.851259703,-4.979938687,0.318592193,1.317213408,-3.509151083,1.431202462,-3.102572345,-6.140939178
245,-1.83874517,0.450826649,1.476591387,0.969104887,0.434857972,-0.694344794,3.763256804,-1.554643496,0.629829769,5.20997368
246,1.7155979,0.057511386,-2.861046453,-3.70319405,0.841178574,-1.871814567,0.165917054,-0.937662512,-3.505113253,1.122152602
247,0.354514866,-0.406772533,-1.716297142,-1.010352841,3.324860791,0.447322781,2.139473065,-0.890018433,-2.124057026,4.189930795
248,-0.466025771,-0.576980479,1.010614603,1.699468185,0.182027712,1.53438757,1.924740849,-2.529034314,1.385103542,2.737333467
249,1.035962466,0.319712304,-3.049796496,-2.190372285,-0.544266446,0.547489366,-2.756984822,0.692954057,-0.408431272,-1.463542801
250,1.774780809,0.444396645,1.09226659,3.531046627,-0.744268197,1.935813772,0.085783785,1.277053124,0.887498949,-3.414369256
251,-1.848413282,1.321586713,0.588773581,2.17865345,2.399382135,-1.006519184,8.449689252,-2.733599946,3.41971166,8.845376853
252,-3.471546875,1.403355153,0.866682856,3.870892796,2.041089471,-0.873355491,6.680455782,-1.1831337,2.958249971,11.6021607
253,0.694176129,1.254956705,0.66861556,0.66455594,-0.152373842,-2.89003861,5.352891593,-0.152019968,2.655028224,7.206334641
254,-1.89144691,-1.382061685,-0.329878621,1.908755196,3.850640196,-1.897821843,4.741828876,-0.342109064,0.404832311,5.535814451
255,-3.082031978,0.940901489,1.431634119,2.280501508,0.717512865,-1.339884351,6.849918546,-2.074447206,1.065974908,6.244223936
256,-1.386133994,0.920958402,-0.772542118,1.297453093,1.866638498,-2.128032294,6.421539372,-1.861257145,2.980067735,8.338271108
257,-3.666641446,-0.921744705,1.030739071,3.352631705,1.714973914,-1.37167771,7.216335918,-1.347164203,3.731300729,8.513804898
258,-2.652146421,-0.139601969,0.251031301,2.848090862,-0.127931177,-2.094457438,5.721091897,-2.844002667,1.051666979,6.603630666
259,-3.20707435,-1.685168438,-0.887217024,3.496310415,1.16854008,-0.703542358,3.75288738,0.663147718,2.709337868,4.169130158
260,-1.839854907,0.234421852,1.369250186,3.366668739,1.247557517,-1.777410913,7.447133619,-1.237553808,2.005097862,7.511987393
261,-1.085218472,0.788964486,1.72101675,2.184032334,-0.145715146,-0.56337816,5.478854292,-0.972229061,2.76284277,6.150117223
262,-3.121063371,-0.506592122,-0.762042602,3.917980609,0.795846309,-1.790264471,8.634924838,-1.42000206,0.649815255,11.25360984
263,-1.28768319,1.002281252,-0.231889489,3.287416967,1.015590149,-1.849814277,5.42644241,-1.77052906,2.151442618,7.153001492
264,-0.16476779,0.847265192,0.545174081,5.09572564,1.981560108,-1.601716411,6.568184197,-1.584455885,5.33304502,5.601740316
265,-2.15328104,1.545122153,2.521715839,5.265087787,-1.328119997,-1.770302529,5.766950868,-1.062775561,4.257837131,5.1287451
266,-3.245630188,-0.306331066,1.160113711,3.508135265,0.600464666,-1.505680555,4.140692669,-0.515798793,1.691352172,4.90227353
267,0.220755665,-0.836591832,-0.641466349,1.132149297,0.461281921,-1.184006905,0.427891534,-1.997947129,-2.421029149,3.8645658
268,-2.067515156,-0.687474829,1.37901053,1.033453473,0.936922919,-1.134343927,7.019759628,-1.292369548,2.077372853,8.28522938
269,-2.958418988,-0.588188378,0.098122414,0.682716825,2.094096027,-0.345857608,4.776287032,-2.494908967,0.842214995,5.511621392
270,-1.978153532,1.106321189,2.869661939,5.641122644,0.573110812,0.421396426,3.656259436,-0.516904972,4.031432305,4.965657267
271,-0.252445801,-0.776773538,1.488618295,1.981692476,0.336933437,-0.187850228,1.643928461,0.983937912,1.481874472,2.68190959
272,-1.784390012,1.03351577,-0.095274715,1.943291315,1.558923233,-3.415287703,2.306096296,-0.648601681,0.545624683,4.554706349
273,-2.739222507,-0.21393511,1.898818095,1.410101101,0.608844219,-2.563389633,7.294643935,-3.002100675,2.051895068,5.249684206
274,-0.741541946,0.031738893,1.640254978,2.383257815,-1.047962532,-0.483412754,1.465416313,0.285859927,2.526619671,1.861933499
275,-1.257784918,0.024838264,0.456251109,3.830121526,-0.171519257,0.194562885,5.583537339,0.229061081,2.175815251,5.292637413
276,-1.969566674,0.02671825,0.794601463,5.125931129,1.361336509,-0.129871476,6.299304915,-0.917015882,0.831256351,7.317899838
277,1.353394537,0.025236219,-0.71756596,-0.782683473,1.645294275,0.422806213,-1.917651056,1.209147124,-1.014477401,-1.966322612
278,-0.532916352,-0.860809505,1.05965283,0.512946097,-1.341857966,1.034730256,-1.630546184,0.212144484,2.057329188,-1.534166294
279,-0.288281551,1.045902501,-0.34954804,-0.659411146,2.245314287,0.281720575,4.78504566,-1.853751405,-0.534710855,4.867059241
280,-2.398015192,-0.712764662,2.712956357,3.633390332,2.362271065,-2.266199334,8.586526575,-0.443081009,2.44512207,11.26319861
281,-0.913161724,0.739456821,-0.390171437,0.681836638,1.000432569,-1.071568625,4.219016265,1.636659959,0.84973154,5.348477485
282,-1.796767488,0.337231274,2.347226434,-0.162643684,2.353671395,-3.159208158,5.764430454,-2.172152304,2.069389174,7.919198761
283,-2.173739605,-0.137387433,-1.384683714,-0.631812364,2.36033705,-2.396881777,6.716394984,-1.083603385,-0.408734093,8.44617036
284,-4.095288962,-0.559324513,-1.984504312,-0.759711672,1.947405683,-1.685601419,4.273445112,-2.497286109,-0.332974002,8.500295588
285,-2.095532907,0.729353426,2.657166352,4.236005164,-1.468015886,-1.564555716,9.149822953,-1.173766208,2.548471418,8.458888214
286,-1.845509198,1.160417103,1.592489228,2.851880489,-0.677026911,-1.175339456,4.196471583,-2.583320527,1.718987597,3.692640797
287,-2.904629323,-0.414145457,-0.378512598,0.110721773,2.553325413,-2.610803043,6.655483373,-1.021227774,0.927461188,7.944395783
288,-5.022784234,1.058673677,3.520449748,3.928018582,1.256525569,-2.493829223,9.555085839,-3.809984042,5.967033244,12.41161878
289,-3.443189584,-0.327615954,-0.277867432,4.483065098,0.031575267,-2.896917981,6.731183444,-1.438077911,4.254981306,6.511499625
290,-1.171318745,1.076940253,0.89569095,1.361857667,3.53052631,-0.622270619,5.316163818,-3.810316629,1.589974805,7.218912652
291,-1.69092561,0.915064552,1.819124062,1.859464739,2.340943667,-0.235881173,5.254099706,-0.664237991,2.209853197,5.755394963
292,-3.911301255,-0.071623312,-0.296400709,1.570754297,1.046497844,-2.89082357,7.860409704,-3.091667182,2.070973117,9.61923435
293,-0.735359493,-2.54768428,-0.950369474,-0.758401873,0.886311408,1.138550097,0.818862362,-0.125269007,-1.340048257,0.952584343
294,-3.056360636,0.725312336,-1.407037057,-0.629365093,1.170556093,-1.415684362,5.107298929,-1.337283987,0.665095258,6.534013783
295,-3.352541905,-1.232901092,-2.296699407,-1.559354445,2.556562177,1.26993312,2.855494424,-0.834502726,0.542855084,5.115821287
296,-1.241912191,0.76579598,2.918492481,7.011431561,-1.037312471,-2.075847613,6.78647678,0.147096704,4.174496973,6.083920315
297,-2.767448555,0.949204549,4.409340325,4.979019059,0.121944889,-2.493903293,8.923220632,-0.961524334,3.656086774,9.793050887
298,-1.450118037,2.115220755,-1.406725538,-0.304278029,3.108112029,-1.402432108,3.92316337,0.105581994,0.661869055,5.104569048
299,0.300704627,0.20386101,-1.479510887,0.655802295,-0.222562254,0.55041611,4.593720432,-1.192661049,-0.779436277,6.247211486
300,-3.091891395,1.000222847,1.578644465,1.738021385,1.468804264,-0.213489448,3.377895546,-0.507674078,0.894349628,3.982725518
